Organic_tag,Rating,Total_Review,Reviewer_Name
,,,
,,,
,,,
,,,
,,,
,,,
,,,
,,,
,,,
,,,
,,,
,,,
,,,
,,,
,,,
,,,
,,,
,,,
,,,
,,,
Rating: 6.5/10 · ‎ Review by Eric Stafford,6.5,,Eric Stafford
,,,
Rating: 4.7 · ‎ 56 reviews,4.7,56,
Rating: 7.1/10 · ‎ Review by Christian Wardlaw ‎,7.1,,Christian Wardlaw 
,,,
,,,
,,,
,,,
"Rating: 4.6 · ‎ 1,531 reviews",4.6,531,
,,,
,,,
Rating: 4.5 · ‎ 43 reviews,4.5,43,
Rating: 6.8/10 · ‎ 1 vote,6.8,1,
,,,
Rating: 7.2/10 · ‎ Review by Adrian Taylor,7.2,,Adrian Taylor
,,,
Rating: 5 · ‎ Review by Victoria J.,5,,Victoria J
,,,
Rating: 4.3 · ‎ 302 votes,4.3,302,
Rating: 4.6 · ‎ 54 reviews ‎,4.6,54,
,,,
,,,
,,,
Rating: 4.6 · ‎ 54 votes,4.6,54,
,,,
,,,
,,,
,,,
,,,
,,,
,,,
,,,
Rating: 4.5 · ‎ 130 reviews,4.5,130,
,,,
,,,
,,,
Rating: 7.5/10 · ‎ Review by Dan Frio ‎,7.5,,Dan Frio 
,,,
,,,
,,,
,,,
,,,
Rating: 6.7/10 · ‎ 1 vote,6.7,1,
,,,
,,,
,,,
,,,
,,,
,,,
,,,
,,,
,,,
,,,
,,,
,,,
,,,
,,,
,,,
,,,
,,,
,,,
,,,
,,,
,,,
,,,
,,,
,,,
,,,
,,,
,,,
,,,
,,,
,,,
,,,
,,,
Rating: 5 · ‎ 3 reviews ‎‎‎ · ‎ In stock,5,3,
,,,
,,,
Rating: 4.3 · ‎ 334 reviews ‎‎ · ‎ In stock,4.3,334,
,,,
,,,
,,,
,,,
Rating: 5 · ‎ 241 reviews ‎‎‎ · ‎ In stock,5,241,
,,,
Rating: 4.8 · ‎ 30 reviews,4.8,30,
,,,
,,,
,,,
,,,
,,,
,,,
,,,
Rating: 5 · ‎ 26 reviews ‎‎‎ · ‎ In stock,5,26,
,,,
,,,
,,,
,,,
,,,
,,,
,,,
,,,
,,,
,,,
,,,
,,,
,,,
,,,
,,,
,,,
,,,
,,,
,,,
,,,
,,,
,,,
,,,
,,,
,,,
,,,
,,,
,,,
,,,
,,,
,,,
,,,
,,,
,,,
,,,
,,,
,,,
,,,
,,,
,,,
,,,
,,,
,,,
,,,
,,,
,,,
,,,
,,,
,,,
Rating: 4.7 · ‎ 66 reviews ‎‎‎,4.7,66,
,,,
,,,
,,,
,,,
,,,
,,,
,,,
,,,
,,,
,,,
,,,
,,,
,,,
,,,
44 votes,,44,
,,,
,,,
,,,
,,,
,,,
,,,
,,,
,,,
,,,
,,,
,,,
,,,
,,,
,,,
,,,
,,,
Rating: 10/10 · ‎ Review by Austin Irwin,10,,Austin Irwin
,,,
,,,
,,,
,,,
,,,
,,,
,,,
,,,
,,,
,,,
,,,
,,,
,,,
,,,
,,,
,,,
,,,
,,,
,,,
,,,
,,,
,,,
,,,
,,,
,,,
,,,
,,,
,,,
44 votes,,44,
,,,
,,,
,,,
,,,
,,,
,,,
,,,
,,,
,,,
,,,
,,,
,,,
,,,
,,,
,,,
,,,
Rating: 5 · ‎ 30 votes,5,30,
,,,
,,,
,,,
,,,
‎ Hyundai Ioniq 5 review · ‎ Tesla Model 3 review · ‎ Honda e review · ‎ Polestar 2 review,,,
,,,
,,,
,,,
,,,
,,,
,,,
,,,
,,,
,,,
,,,
,,,
,,,
,,,
,,,
,,,
,,,
,,,
,,,
,,,
,,,
,,,
,,,
,,,
,,,
,,,
,,,
,,,
,,,
,,,
,,,
,,,
,,,
"Rating: 4.3 · ‎ 109,739 reviews · ‎ $29.70 · ‎ Free delivery · ‎ 30-day returns · ‎ In stock",4.3,739,
,,,
,,,
,,,
,,,
,,,
,,,
,,,
,,,
,,,
,,,
,,,
,,,
,,,
,,,
,,,
,,,
,,,
,,,
,,,
,,,
,,,
,,,
Rating: 4.5 · ‎ 496 reviews,4.5,496,
,,,
,,,
"Rating: 8.5/10 · ‎ Review by Michael Cantu · ‎ $43,515.00",8.5,,Michael Cantu 
,,,
,,,
,,,
"Rating: 4.6 · ‎ 13,205 reviews",4.6,205,
,,,
"Rating: 4.3 · ‎ 29 reviews · ‎ $38,565.00",4.3,29,
,,,
Rating: 9/10 · ‎ Review by Drew Dorian,9,,Drew Dorian
,,,
,,,
"Rating: 8.5/10 · ‎ Review by Alex Nishimoto · ‎ $41,530.00",8.5,,Alex Nishimoto 
,,,
,,,
,,,
,,,
,,,
,,,
,,,
,,,
Rating: 8.1/10 · ‎ 1 vote,8.1,1,
,,,
,,,
,,,
,,,
,,,
"Rating: 8.4/10 · ‎ Review by Jared Gall · ‎ $49,995.00",8.4,,Jared Gall 
,,,
,,,
,,,
,,,
,,,
,,,
,,,
,,,
,,,
,,,
Rating: 4.5 · ‎ 496 reviews,4.5,496,
,,,
,,,
"Rating: 8.5/10 · ‎ Review by Michael Cantu · ‎ $43,515.00",8.5,,Michael Cantu 
,,,
,,,
,,,
,,,
,,,
,,,
,,,
,,,
,,,
,,,
,,,
,,,
,,,
,,,
,,,
,,,
,,,
,,,
,,,
,,,
"Rating: 8.5/10 · ‎ Review by Michael Cantu · ‎ $43,515.00",8.5,,Michael Cantu 
,,,
,,,
,,,
,,,
,,,
,,,
,,,
,,,
,,,
,,,
,,,
,,,
,,,
,,,
,,,
,,,
,,,
,,,
,,,
,,,
,,,
,,,
,,,
,,,
,,,
,,,
,,,
,,,
,,,
,,,
,,,
,,,
,,,
,,,
,,,
,,,
,,,
,,,
,,,
,,,
,,,
,,,
,,,
,,,
,,,
,,,
,,,
,,,
,,,
,,,
,,,
,,,
,,,
,,,
,,,
,,,
,,,
,,,
,,,
,,,
,,,
,,,
,,,
,,,
,,,
,,,
,,,
,,,
,,,
,,,
,,,
,,,
,,,
,,,
,,,
,,,
,,,
,,,
,,,
,,,
,,,
,,,
,,,
,,,
,,,
,,,
,,,
,,,
,,,
,,,
,,,
,,,
,,,
,,,
,,,
,,,
,,,
,,,
,,,
,,,
,,,
,,,
,,,
,,,
,,,
,,,
,,,
,,,
,,,
,,,
,,,
,,,
,,,
"Rating: 8/10 · ‎ Review by Kurt Niebuhr · ‎ $26,500.00",8,,Kurt Niebuhr 
‎ Used 2017 Chevrolet Bolt EV · ‎ 2018 Chevy Bolt EV Review · ‎ 2017 Chevrolet Bolt,,,
,,,
Rating: 7.5/10 · ‎ Review by Austin Irwin,7.5,,Austin Irwin
,,,
,,,
Rating: 4.5 · ‎ 64 reviews,4.5,64,
,,,
,,,
,,,
,,,
Rating: 5 · ‎ 4 reviews,5,4,
,,,
,,,
,,,
,,,
,,,
,,,
,,,
,,,
,,,
,,,
,,,
,,,
,,,
,,,
,,,
,,,
"Rating: 4.6 · ‎ 8,112 reviews",4.6,112,
,,,
,,,
,,,
"Rating: 7.5/10 · ‎ Review by Brent Romans · ‎ $42,500.00",7.5,,Brent Romans 
,,,
,,,
,,,
,,,
,,,
,,,
,,,
,,,
,,,
,,,
,,,
,,,
,,,
,,,
,,,
,,,
,,,
,,,
,,,
,,,
,,,
,,,
Rating: 4.5 · ‎ 64 reviews,4.5,64,
,,,
Rating: 7.5/10 · ‎ Review by Austin Irwin,7.5,,Austin Irwin
"Rating: 8/10 · ‎ Review by Kurt Niebuhr · ‎ $26,500.00",8,,Kurt Niebuhr 
,,,
Rating: 5 · ‎ 4 reviews,5,4,
‎ Design Your Vehicle · ‎ Consumer Reviews · ‎ Latest News,,,
,,,
,,,
,,,
,,,
,,,
Rating: 4.8 · ‎ 31 votes,4.8,31,
,,,
,,,
,,,
,,,
Rating: 4.7 · ‎ 711 reviews,4.7,711,
,,,
,,,
,,,
,,,
,,,
Rating: 4.6 · ‎ 120 votes,4.6,120,
,,,
,,,
,,,
,,,
Rating: 5 · ‎ 4 reviews,5,4,
,,,
,,,
,,,
,,,
,,,
,,,
,,,
,,,
,,,
,,,
,,,
,,,
"Rating: 4.7 · ‎ 10,167 reviews",4.7,167,
,,,
,,,
"Rating: 8.4/10 · ‎ Review by Mark Takahashi · ‎ $41,320.00",8.4,,Mark Takahashi 
Rating: 8.9/10 · ‎ Review by Dan Frio,8.9,,Dan Frio
"Rating: 4.5 · ‎ 1,038 reviews",4.5,038,
Rating: 8.4/10 · ‎ 1 vote,8.4,1,
,,,
,,,
Rating: 4.5 · ‎ 128 reviews,4.5,128,
Rating: 4.4 · ‎ 5 reviews,4.4,5,
,,,
,,,
,,,
,,,
,,,
,,,
,,,
,,,
,,,
192 votes,,192,
,,,
,,,
,,,
,,,
"Rating: 4.5 · ‎ 1,038 reviews",4.5,038,
,,,
"Rating: 4.7 · ‎ 10,167 reviews",4.7,167,
,,,
,,,
,,,
Rating: 8.9/10 · ‎ Review by Dan Frio,8.9,,Dan Frio
,,,
,,,
,,,
,,,
,,,
,,,
,,,
‎ Mini Electric review · ‎ Hyundai Ioniq 5 review · ‎ Tesla Model 3 review · ‎ BMW iX review,,,
,,,
,,,
,,,
,,,
,,,
,,,
,,,
,,,
,,,
,,,
,,,
,,,
,,,
,,,
,,,
,,,
,,,
,,,
,,,
,,,
,,,
,,,
,,,
,,,
,,,
,,,
,,,
,,,
,,,
,,,
,,,
,,,
,,,
,,,
‎ Nissan Ariya Reviews · ‎ Hyundai Ioniq 6 Reviews · ‎ Kia Niro EV Reviews,,,
,,,
,,,
,,,
,,,
,,,
,,,
,,,
,,,
,,,
,,,
,,,
,,,
,,,
,,,
,,,
,,,
,,,
,,,
,,,
,,,
,,,
,,,
,,,
,,,
,,,
,,,
,,,
,,,
,,,
,,,
,,,
,,,
,,,
,,,
,,,
,,,
,,,
,,,
,,,
,,,
,,,
,,,
,,,
,,,
,,,
,,,
,,,
,,,
‎ Mini Electric review · ‎ Hyundai Ioniq 5 review · ‎ Tesla Model 3 review · ‎ BMW iX review,,,
,,,
,,,
,,,
,,,
,,,
,,,
,,,
,,,
,,,
,,,
,,,
,,,
,,,
,,,
,,,
,,,
,,,
,,,
,,,
‎ The Future: the Alpha WOLF is... · ‎ Ram 1500 REV Top Gear · ‎ Rivian R1T review,,,
,,,
,,,
,,,
,,,
,,,
,,,
,,,
,,,
,,,
,,,
,,,
,,,
,,,
,,,
,,,
Rating: 10/10 · ‎ Review by Austin Irwin,10,,Austin Irwin
,,,
,,,
,,,
,,,
,,,
,,,
,,,
,,,
,,,
,,,
,,,
,,,
,,,
,,,
,,,
,,,
,,,
,,,
,,,
,,,
‎ The Future: the Alpha WOLF is... · ‎ Ram 1500 REV Top Gear · ‎ Rivian R1T review,,,
,,,
Rating: 10/10 · ‎ Review by Austin Irwin,10,,Austin Irwin
,,,
,,,
,,,
,,,
,,,
,,,
,,,
,,,
,,,
,,,
,,,
,,,
,,,
,,,
,,,
,,,
,,,
,,,
,,,
,,,
,,,
,,,
,,,
,,,
,,,
,,,
Rating: 4.3 · ‎ 905 reviews ‎‎‎ · ‎ In stock,4.3,905,
,,,
,,,
,,,
,,,
,,,
,,,
,,,
,,,
,,,
,,,
,,,
,,,
,,,
,,,
,,,
,,,
,,,
,,,
,,,
,,,
,,,
,,,
,,,
,,,
,,,
,,,
,,,
,,,
,,,
,,,
,,,
,,,
,,,
,,,
,,,
,,,
,,,
,,,
,,,
,,,
,,,
,,,
,,,
,,,
,,,
,,,
,,,
,,,
,,,
,,,
,,,
,,,
,,,
,,,
,,,
,,,
,,,
,,,
,,,
,,,
,,,
,,,
,,,
,,,
,,,
,,,
,,,
,,,
,,,
,,,
,,,
,,,
,,,
,,,
,,,
Rating: 8.4/10 · ‎ Review by Mark Takahashi ‎,8.4,,Mark Takahashi 
Rating: 4.5 · ‎ 128 reviews,4.5,128,
,,,
,,,
,,,
,,,
,,,
Rating: 8.9/10 · ‎ Review by Dan Frio,8.9,,Dan Frio
Rating: 8.4/10 · ‎ 1 vote,8.4,1,
,,,
,,,
"Rating: 4.7 · ‎ 10,161 reviews",4.7,161,
,,,
,,,
,,,
,,,
,,,
Rating: 4.8 · ‎ 19 reviews,4.8,19,
,,,
,,,
,,,
,,,
,,,
Rating: 7.9/10 · ‎ Review by Christian Wardlaw ‎,7.9,,Christian Wardlaw 
"Rating: 4.7 · ‎ 2,296 reviews",4.7,296,
,,,
,,,
Rating: 8.8/10 · ‎ 1 vote,8.8,1,
,,,
Rating: 4.3 · ‎ 23 votes,4.3,23,
,,,
,,,
,,,
,,,
,,,
,,,
,,,
,,,
,,,
,,,
,,,
,,,
Rating: 8.4/10 · ‎ Review by Mark Takahashi ‎,8.4,,Mark Takahashi 
Rating: 4.5 · ‎ 128 reviews,4.5,128,
,,,
,,,
,,,
Rating: 8.9/10 · ‎ Review by Dan Frio,8.9,,Dan Frio
,,,
,,,
,,,
,,,
,,,
,,,
,,,
,,,
,,,
,,,
,,,
,,,
,,,
,,,
,,,
,,,
,,,
,,,
,,,
,,,
Rating: 8.9/10 · ‎ Review by Dan Frio,8.9,,Dan Frio
,,,
,,,
,,,
,,,
,,,
,,,
,,,
,,,
,,,
,,,
,,,
Rating: 8.4/10 · ‎ Review by Mark Takahashi ‎,8.4,,Mark Takahashi 
,,,
,,,
,,,
,,,
,,,
Rating: 4.5 · ‎ 128 reviews,4.5,128,
,,,
,,,
,,,
,,,
,,,
"Rating: 4.6 · ‎ 8,112 reviews",4.6,112,
,,,
,,,
,,,
,,,
Rating: 8.3/10 · ‎ 1 vote,8.3,1,
Rating: 3.9 · ‎ 127 reviews,3.9,127,
,,,
Rating: 3.9 · ‎ 128 votes,3.9,128,
,,,
,,,
,,,
"Rating: 4.4 · ‎ 1,441 votes",4.4,441,
Rating: 7.5/10 · ‎ Review by Brent Romans ‎,7.5,,Brent Romans 
,,,
,,,
,,,
,,,
,,,
,,,
,,,
,,,
,,,
,,,
,,,
,,,
,,,
,,,
,,,
,,,
,,,
,,,
,,,
,,,
,,,
,,,
,,,
,,,
4.6 seller rating  ( 2.3K ) · ‎ 30-day returns,,,
4.1 seller rating  ( 2K ) · ‎ Free 2-day delivery · ‎ 365-day returns,,,
4.5 seller rating  ( 786 ) · ‎ Free 90-day returns,,,
4.1 seller rating  ( 2K ) · ‎ Free 2-day delivery · ‎ 365-day returns,,,
4.4 seller rating  ( 13K ) · ‎ Free delivery · ‎ Free 30-day returns,,,
,,,
,,,
,,,
,,,
4.6 seller rating · ‎ 3–6 day delivery · ‎ 30-day returns,,,
Rating: 4.7 · ‎ 33 reviews · ‎ $29.99 · ‎ $20 3–8 day delivery · ‎ 90-day returns · ‎ In stock,4.7,33,
4.5 seller rating  ( 952 ) · ‎ 90-day returns,,,
,,,
4.4 seller rating  ( 541 ),,,
,,,
4.7 seller rating  ( 372 ),,,
,,,
4.6 seller rating  ( 5K ) · ‎ 30-day returns,,,
,,,
,,,
Rating: 5 · ‎ 14 votes,5,14,
4.7 seller rating  ( 1.6K ) · ‎ Free lifetime returns,,,
,,,
,,,
,,,
4.7 seller rating  ( 59 ) · ‎ Free 2–5 day delivery over $35 · ‎ Free 30-day returns,,,
,,,
3.9 seller rating  ( 1.1K ) · ‎ 90-day returns,,,
,,,
,,,
,,,
,,,
,,,
,,,
4.6 seller rating  ( 2.3K ) · ‎ 30-day returns,,,
4.6 seller rating  ( 1.3K ) · ‎ 60-day returns,,,
4.8 seller rating  ( 55 ) · ‎ 3–8 day delivery,,,
4.8 seller rating  ( 18K ) · ‎ 90-day returns,,,
,,,
4.5 seller rating  ( 726 ) · ‎ 5–6 day delivery · ‎ 60-day returns,,,
,,,
,,,
,,,
,,,
,,,
4.4 seller rating  ( 13K ) · ‎ Free delivery · ‎ Free 30-day returns,,,
4.6 seller rating  ( 2.3K ) · ‎ 30-day returns,,,
,,,
,,,
,,,
,,,
,,,
,,,
,,,
,,,
,,,
,,,
,,,
4.4 seller rating  ( 541 ),,,
,,,
,,,
4.4 seller rating  ( 541 ),,,
4.9 seller rating  ( 310 ) · ‎ Free 2–6 day delivery over $150 · ‎ 30-day returns,,,
4.5 seller rating  ( 132 ) · ‎ 60-day returns,,,
,,,
4.4 seller rating  ( 255 ) · ‎ Free 3–5 day delivery over $49.99 · ‎ 30-day returns,,,
4.4 seller rating  ( 13K ) · ‎ Free delivery · ‎ Free 30-day returns,,,
4.6 seller rating  ( 2.3K ) · ‎ 30-day returns,,,
,,,
,,,
,,,
,,,
4.8 seller rating  ( 5.3K ) · ‎ Free delivery over $30 · ‎ Free 45-day returns,,,
4.7 seller rating  ( 578 ) · ‎ Free delivery over $99 · ‎ Free 30-day returns,,,
,,,
,,,
4.5 seller rating  ( 786 ) · ‎ Free 90-day returns,,,
,,,
,,,
,,,
4.6 seller rating  ( 2.3K ) · ‎ 30-day returns,,,
,,,
,,,
Rating: 5 · ‎ 241 reviews · ‎ $124.95 · ‎ Free delivery · ‎ 30-day returns · ‎ In stock,5,241,
4.4 seller rating  ( 13K ) · ‎ Free delivery · ‎ Free 30-day returns,,,
,,,
,,,
,,,
,,,
,,,
,,,
,,,
,,,
,,,
4.5 seller rating  ( 952 ) · ‎ 90-day returns,,,
,,,
,,,
,,,
,,,
4.6 seller rating  ( 2.3K ) · ‎ 30-day returns,,,
Rating: 5 · ‎ 241 reviews · ‎ $124.95 · ‎ Free delivery · ‎ 30-day returns · ‎ In stock,5,241,
4.1 seller rating  ( 2K ) · ‎ Free 2-day delivery · ‎ 365-day returns,,,
,,,
4.6 seller rating  ( 2.3K ) · ‎ 30-day returns,,,
4.1 seller rating  ( 2K ) · ‎ Free 2-day delivery · ‎ 365-day returns,,,
,,,
4.4 seller rating  ( 13K ) · ‎ Free delivery · ‎ Free 30-day returns,,,
4.5 seller rating  ( 786 ) · ‎ Free 90-day returns,,,
,,,
4.4 seller rating  ( 13K ) · ‎ Free delivery · ‎ Free 30-day returns,,,
4.8 seller rating  ( 55 ) · ‎ 3–8 day delivery,,,
,,,
4.7 seller rating  ( 181 ) · ‎ 3–8 day delivery · ‎ 90-day returns,,,
,,,
,,,
4.5 seller rating  ( 952 ) · ‎ 90-day returns,,,
,,,
4.4 seller rating  ( 541 ),,,
,,,
,,,
,,,
,,,
,,,
,,,
,,,
,,,
,,,
,,,
,,,
,,,
,,,
,,,
,,,
,,,
,,,
,,,
,,,
,,,
,,,
,,,
,,,
,,,
‎ Buying Guide · ‎ Ratings & Reliability · ‎ 2024 Ram 1500 · ‎ 2024 Ford Maverick,,,
,,,
,,,
,,,
,,,
,,,
,,,
,,,
,,,
,,,
,,,
,,,
,,,
,,,
,,,
,,,
,,,
,,,
,,,
,,,
,,,
,,,
,,,
,,,
,,,
,,,
,,,
,,,
,,,
,,,
,,,
,,,
,,,
,,,
,,,
,,,
,,,
,,,
,,,
,,,
,,,
,,,
,,,
4.6 seller rating  ( 2.3K ) · ‎ 30-day returns,,,
4.7 seller rating  ( 166 ) · ‎ Free delivery over $99 · ‎ 60-day returns,,,
,,,
,,,
,,,
,,,
,,,
,,,
,,,
4.8 seller rating  ( 18K ) · ‎ 90-day returns,,,
,,,
4.5 seller rating  ( 218 ) · ‎ Free delivery · ‎ 60-day returns,,,
,,,
,,,
4.4 seller rating  ( 541 ),,,
,,,
4.6 seller rating  ( 2.3K ) · ‎ 30-day returns,,,
,,,
4.7 seller rating  ( 166 ) · ‎ Free delivery over $99 · ‎ 60-day returns,,,
4.4 seller rating  ( 13K ) · ‎ Free delivery · ‎ Free 30-day returns,,,
4.8 seller rating  ( 55 ) · ‎ Free delivery,,,
4.4 seller rating  ( 13K ) · ‎ Free delivery · ‎ Free 30-day returns,,,
Rating: 4.7 · ‎ 7 reviews · ‎ $267.99 to $383.99 · ‎ 30-day returns · ‎ In stock,4.7,7,
Rating: 4.8 · ‎ 11 reviews · ‎ $314.99 · ‎ 30-day returns · ‎ In stock,4.8,11,
4.7 seller rating  ( 59 ) · ‎ Free 2–5 day delivery over $35 · ‎ Free 30-day returns,,,
4.5 seller rating  ( 786 ) · ‎ Free 90-day returns,,,
4.4 seller rating  ( 541 ),,,
Rating: 4 · ‎ 1 review · ‎ $399.00 · ‎ 42-day returns,4,,
4.6 seller rating  ( 797 ) · ‎ Free 2–6 day delivery · ‎ 30-day returns,,,
,,,
4.8 seller rating  ( 18K ) · ‎ 90-day returns,,,
,,,
Rating: 4.7 · ‎ 3 reviews · ‎ $480.00 · ‎ 30-day returns,4.7,3,
4.6 seller rating  ( 189 ) · ‎ 30-day returns,,,
,,,
,,,
,,,
,,,
,,,
,,,
,,,
,,,
,,,
,,,
Rating: 5 · ‎ 26 reviews · ‎ $139.99 · ‎ Free 2-day delivery · ‎ 365-day returns · ‎ In stock,5,26,
,,,
,,,
Rating: 5 · ‎ 241 reviews · ‎ $124.95 · ‎ Free delivery · ‎ 30-day returns · ‎ In stock,5,241,
,,,
4.6 seller rating  ( 2.3K ) · ‎ 30-day returns,,,
,,,
4.6 seller rating  ( 2.3K ) · ‎ 30-day returns,,,
4.4 seller rating  ( 13K ) · ‎ Free delivery · ‎ Free 30-day returns,,,
4.5 seller rating  ( 1.1K ) · ‎ Free 2–5 day delivery · ‎ 30-day returns,,,
4.4 seller rating  ( 541 ),,,
,,,
,,,
4.6 seller rating  ( 797 ) · ‎ Free 2–6 day delivery · ‎ 30-day returns,,,
4.6 seller rating  ( 189 ) · ‎ 30-day returns,,,
,,,
,,,
4.7 seller rating  ( 181 ) · ‎ 3–8 day delivery · ‎ 90-day returns,,,
,,,
,,,
4.8 seller rating  ( 2K ) · ‎ 30-day returns,,,
,,,
"Rating: 4.9 · ‎ $1,199.00 · ‎ Free delivery · ‎ Free 100-day returns · ‎ In stock",4.9,,
4.6 seller rating  ( 2.3K ) · ‎ 30-day returns,,,
4.4 seller rating  ( 2.5K ) · ‎ Free 10–24 day delivery · ‎ 30-day returns,,,
,,,
,,,
,,,
4.4 seller rating  ( 541 ),,,
,,,
4.7 seller rating  ( 181 ) · ‎ 3–8 day delivery · ‎ 90-day returns,,,
4.4 seller rating  ( 13K ) · ‎ Free delivery · ‎ Free 30-day returns,,,
4.6 seller rating  ( 289 ) · ‎ 3–6 day delivery · ‎ 30-day returns,,,
,,,
4.5 seller rating  ( 786 ) · ‎ Free 90-day returns,,,
4.6 seller rating  ( 797 ) · ‎ Free 2–6 day delivery · ‎ 30-day returns,,,
4.7 seller rating  ( 59 ) · ‎ Free 2–5 day delivery over $35 · ‎ Free 30-day returns,,,
4.2 seller rating  ( 1.3K ) · ‎ 45-day returns,,,
,,,
,,,
,,,
,,,
,,,
,,,
,,,
Rating: 3.9 · ‎ 129 votes,3.9,129,
Rating: 4 · ‎ 853 reviews,4,853,
,,,
,,,
,,,
,,,
,,,
,,,
,,,
,,,
,,,
,,,
,,,
,,,
,,,
,,,
,,,
,,,
,,,
,,,
,,,
,,,
,,,
,,,
,,,
,,,
Rating: 3.9 · ‎ 129 votes,3.9,129,
,,,
,,,
,,,
,,,
,,,
,,,
,,,
Rating: 4.8 · ‎ 899 votes,4.8,899,
,,,
,,,
,,,
,,,
,,,
,,,
,,,
,,,
,,,
,,,
,,,
,,,
,,,
,,,
,,,
,,,
,,,
4.6 seller rating  ( 2.3K ) · ‎ 30-day returns,,,
,,,
,,,
,,,
4.7 seller rating  ( 271 ) · ‎ Free 6–9 day delivery · ‎ 30-day returns,,,
,,,
4.4 seller rating  ( 13K ) · ‎ Free delivery · ‎ Free 30-day returns,,,
Rating: 4.8 · ‎ 55 reviews · ‎ $149.99 to $169.99 · ‎ 10–13 day delivery · ‎ 30-day returns · ‎ In stock,4.8,55,
4.5 seller rating  ( 786 ) · ‎ Free 90-day returns,,,
,,,
,,,
,,,
4.4 seller rating  ( 2.5K ) · ‎ Free 10–24 day delivery · ‎ 30-day returns,,,
4.4 seller rating  ( 541 ),,,
4.5 seller rating  ( 786 ) · ‎ Free 90-day returns,,,
,,,
,,,
Rating: 5 · ‎ 4 reviews · ‎ $129.99 · ‎ Free 3–8 day delivery · ‎ 45-day returns · ‎ In stock,5,4,
,,,
,,,
,,,
,,,
,,,
,,,
4.7 seller rating  ( 271 ) · ‎ Free 6–9 day delivery · ‎ 30-day returns,,,
,,,
,,,
Rating: 4.8 · ‎ 55 reviews · ‎ $149.99 to $169.99 · ‎ 10–13 day delivery · ‎ 30-day returns · ‎ In stock,4.8,55,
Rating: 100% · ‎ 5 reviews · ‎ $80.71 to $247.90 · ‎ Free 3–5 day delivery · ‎ 60-day returns · ‎ In stock,100,5,
4.6 seller rating  ( 2.3K ) · ‎ 30-day returns,,,
Rating: 5 · ‎ 6 reviews · ‎ $129.99 · ‎ Free 3–8 day delivery · ‎ 45-day returns · ‎ In stock,5,6,
Rating: 4.8 · ‎ 62 reviews · ‎ $129.99 · ‎ Free 3–8 day delivery · ‎ 45-day returns · ‎ In stock,4.8,62,
,,,
4.4 seller rating  ( 13K ) · ‎ Free delivery · ‎ Free 30-day returns,,,
4.4 seller rating  ( 2.5K ) · ‎ Free 10–24 day delivery · ‎ 30-day returns,,,
,,,
,,,
,,,
,,,
,,,
,,,
"Rating: 4.6 · ‎ 8,112 reviews",4.6,112,
,,,
,,,
,,,
Rating: 3.9 · ‎ 128 votes,3.9,128,
,,,
"Rating: 4.4 · ‎ 1,441 votes",4.4,441,
,,,
Rating: 8.3/10 · ‎ 1 vote,8.3,1,
"Rating: 7.5/10 · ‎ Review by Brent Romans · ‎ $42,500.00",7.5,,Brent Romans 
Rating: 8.3/10 · ‎ Review by Bryan Siwik,8.3,,Bryan Siwik
,,,
,,,
,,,
4.4 seller rating  ( 13K ) · ‎ Free delivery · ‎ Free 30-day returns,,,
,,,
,,,
,,,
,,,
4.8 seller rating  ( 18K ) · ‎ 90-day returns,,,
,,,
4.8 seller rating  ( 297 ) · ‎ 3–7 day delivery · ‎ 30-day returns,,,
,,,
,,,
4.6 seller rating  ( 189 ) · ‎ 30-day returns,,,
4.6 seller rating  ( 2.3K ) · ‎ 30-day returns,,,
,,,
,,,
,,,
4.5 seller rating  ( 786 ) · ‎ Free 90-day returns,,,
,,,
,,,
,,,
,,,
4.7 seller rating  ( 181 ) · ‎ 3–8 day delivery · ‎ 90-day returns,,,
4.8 seller rating  ( 133 ) · ‎ $5 3–9 day delivery,,,
4.2 seller rating  ( 1.3K ) · ‎ 45-day returns,,,
4.6 seller rating  ( 797 ) · ‎ Free 2–6 day delivery · ‎ 30-day returns,,,
,,,
,,,
,,,
,,,
,,,
,,,
,,,
,,,
,,,
,,,
,,,
,,,
,,,
,,,
,,,
,,,
,,,
,,,
,,,
,,,
,,,
,,,
"Rating: 8/10 · ‎ Review by Cameron Rogers · ‎ $40,240.00",8,,Cameron Rogers 
,,,
,,,
Rating: 4.7 · ‎ 178 reviews,4.7,178,
,,,
,,,
,,,
Rating: 4 · ‎ Review by James Disdale,4,,James Disdale
,,,
,,,
,,,
Rating: 4.5 · ‎ Review by Ellis Hyde,4.5,,Ellis Hyde
,,,
Rating: 4.2 · ‎ 196 votes,4.2,196,
,,,
,,,
,,,
,,,
,,,
,,,
,,,
,,,
,,,
,,,
,,,
,,,
,,,
,,,
,,,
,,,
,,,
,,,
,,,
,,,
,,,
,,,
,,,
,,,
,,,
,,,
Rating: 9/10 · ‎ Review by Eric Stafford,9,,Eric Stafford
,,,
,,,
,,,
,,,
,,,
,,,
,,,
,,,
,,,
,,,
,,,
,,,
,,,
,,,
,,,
,,,
,,,
,,,
,,,
,,,
,,,
,,,
,,,
,,,
,,,
,,,
,,,
,,,
,,,
,,,
,,,
,,,
,,,
,,,
,,,
,,,
,,,
Rating: 9/10 · ‎ Review by Eric Stafford,9,,Eric Stafford
,,,
,,,
,,,
,,,
,,,
,,,
,,,
Rating: 8/10 · ‎ Review by Andrew Wendler,8,,Andrew Wendler
Rating: 4.7 · ‎ 141 reviews,4.7,141,
,,,
"Rating: 8/10 · ‎ Review by Christian Wardlaw · ‎ $42,015.00",8,,Christian Wardlaw 
Rating: 8.1/10 · ‎ 1 vote,8.1,1,
,,,
"Rating: 4.8 · ‎ 4,148 reviews",4.8,148,
,,,
,,,
,,,
,,,
"Rating: 3.6 · ‎ 17 reviews · ‎ $41,815.00",3.6,17,
Rating: 7.7/10 · ‎ Review by Dan Frio,7.7,,Dan Frio
,,,
,,,
,,,
,,,
,,,
,,,
,,,
,,,
,,,
,,,
,,,
,,,
,,,
,,,
,,,
,,,
,,,
,,,
,,,
,,,
,,,
,,,
,,,
4.6 seller rating  ( 2.3K ) · ‎ 30-day returns,,,
,,,
,,,
4.7 seller rating  ( 271 ) · ‎ Free 6–9 day delivery · ‎ 30-day returns,,,
,,,
"Rating: 4.8 · ‎ 6,367 reviews · ‎ $89.99 · ‎ Free 2-day delivery · ‎ 365-day returns · ‎ In stock",4.8,367,
Rating: 4.7 · ‎ 793 reviews · ‎ $119.99 · ‎ Free 2-day delivery · ‎ 365-day returns · ‎ In stock,4.7,793,
,,,
,,,
,,,
,,,
4.4 seller rating  ( 541 ),,,
Rating: 4 · ‎ 6 reviews · ‎ $49.49 · ‎ Free 90-day returns · ‎ In stock,4,6,
,,,
Rating: 4.8 · ‎ 71 reviews · ‎ $49.99 · ‎ 3–8 day delivery · ‎ 90-day returns · ‎ In stock,4.8,71,
4.4 seller rating  ( 13K ) · ‎ Free delivery · ‎ Free 30-day returns,,,
,,,
4.6 seller rating  ( 797 ) · ‎ Free 2–6 day delivery · ‎ 30-day returns,,,
4.6 seller rating  ( 443 ) · ‎ Free 2–7 day delivery · ‎ 30-day returns,,,
,,,
,,,
,,,
,,,
Rating: 5 · ‎ 6 reviews · ‎ $129.99 · ‎ Free 3–8 day delivery · ‎ 45-day returns · ‎ In stock,5,6,
,,,
,,,
4.8 seller rating  ( 188 ) · ‎ 1–4 day delivery · ‎ 30-day returns,,,
4.6 seller rating  ( 2.3K ) · ‎ 30-day returns,,,
4.7 seller rating  ( 271 ) · ‎ Free 6–9 day delivery · ‎ 30-day returns,,,
,,,
,,,
Rating: 4 · ‎ 6 reviews · ‎ $49.49 · ‎ Free 90-day returns · ‎ In stock,4,6,
,,,
4.4 seller rating  ( 541 ),,,
,,,
,,,
4.4 seller rating  ( 541 ),,,
Rating: 4.8 · ‎ 71 reviews · ‎ $49.99 · ‎ $6.99 3–8 day delivery · ‎ 90-day returns · ‎ In stock,4.8,71,
,,,
,,,
Rating: 5 · ‎ 6 reviews · ‎ $129.99 · ‎ Free 3–8 day delivery · ‎ 45-day returns · ‎ In stock,5,6,
,,,
,,,
4.4 seller rating  ( 13K ) · ‎ Free delivery · ‎ Free 30-day returns,,,
,,,
4.4 seller rating  ( 2.5K ) · ‎ Free 10–24 day delivery · ‎ 30-day returns,,,
,,,
,,,
,,,
,,,
,,,
,,,
,,,
,,,
,,,
,,,
,,,
,,,
,,,
,,,
,,,
,,,
,,,
,,,
,,,
,,,
,,,
,,,
,,,
,,,
,,,
,,,
,,,
,,,
,,,
Rating: 3.9 · ‎ 129 votes,3.9,129,
,,,
,,,
,,,
,,,
,,,
,,,
,,,
,,,
,,,
,,,
,,,
,,,
,,,
,,,
,,,
,,,
,,,
"Rating: 4.6 · ‎ 8,112 reviews",4.6,112,
,,,
,,,
,,,
Rating: 3.9 · ‎ 128 votes,3.9,128,
,,,
,,,
,,,
,,,
,,,
,,,
,,,
,,,
4.6 seller rating  ( 2.3K ) · ‎ 30-day returns,,,
4.7 seller rating  ( 166 ) · ‎ Free delivery over $99 · ‎ 60-day returns,,,
,,,
,,,
,,,
,,,
4.8 seller rating  ( 18K ) · ‎ 90-day returns,,,
,,,
,,,
,,,
,,,
,,,
,,,
4.4 seller rating  ( 47 ),,,
,,,
,,,
,,,
,,,
,,,
,,,
,,,
,,,
,,,
,,,
,,,
,,,
,,,
,,,
,,,
,,,
,,,
,,,
,,,
,,,
,,,
,,,
,,,
,,,
,,,
,,,
,,,
,,,
,,,
,,,
,,,
,,,
,,,
,,,
,,,
,,,
,,,
,,,
,,,
,,,
,,,
,,,
,,,
"Rating: 4.5 · ‎ 1,038 reviews",4.5,038,
,,,
,,,
Rating: 8.9/10 · ‎ Review by Dan Frio,8.9,,Dan Frio
,,,
"Rating: 8.4/10 · ‎ Review by Mark Takahashi · ‎ $41,320.00",8.4,,Mark Takahashi 
Rating: 4.4 · ‎ 5 reviews,4.4,5,
,,,
,,,
,,,
,,,
,,,
,,,
,,,
,,,
,,,
,,,
,,,
,,,
,,,
,,,
Rating: 8.9/10 · ‎ Review by Dan Frio,8.9,,Dan Frio
,,,
,,,
,,,
,,,
,,,
,,,
,,,
,,,
"Rating: 8.4/10 · ‎ Review by Mark Takahashi · ‎ $41,320.00",8.4,,Mark Takahashi 
,,,
,,,
4.7 seller rating  ( 81 ) · ‎ 30-day returns,,,
,,,
4.7 seller rating  ( 81 ) · ‎ 30-day returns,,,
,,,
4.6 seller rating  ( 2.3K ) · ‎ 30-day returns,,,
,,,
Rating: 5 · ‎ 5 reviews ‎ · ‎ Free 1–8 day delivery · ‎ 30-day returns · ‎ In stock,5,5,
Rating: 5 · ‎ 1 review ‎ · ‎ Free 1–8 day delivery · ‎ 30-day returns · ‎ In stock,5,,
4.5 seller rating  ( 786 ) · ‎ Free 90-day returns,,,
4.4 seller rating  ( 541 ),,,
Rating: 4.7 · ‎ 3 reviews ‎ · ‎ Free 1–8 day delivery · ‎ 30-day returns · ‎ In stock,4.7,3,
,,,
,,,
4.6 seller rating  ( 189 ) · ‎ 30-day returns,,,
,,,
,,,
4.4 seller rating  ( 255 ) · ‎ Free 3–5 day delivery over $49.99 · ‎ 30-day returns,,,
,,,
,,,
,,,
4.7 seller rating  ( 81 ) · ‎ 30-day returns,,,
,,,
,,,
,,,
Rating: 5 · ‎ 1 review ‎ · ‎ Free 1–8 day delivery over $99 · ‎ 30-day returns · ‎ In stock,5,,
,,,
4.9 seller rating  ( 240 ) · ‎ Free 3–8 day delivery · ‎ 45-day returns,,,
Rating: 5 · ‎ 1 review ‎ · ‎ Free 1–8 day delivery · ‎ 30-day returns · ‎ In stock,5,,
,,,
4.7 seller rating  ( 81 ) · ‎ 30-day returns,,,
Rating: 5 · ‎ 5 reviews ‎ · ‎ Free 1–8 day delivery · ‎ 30-day returns · ‎ In stock,5,5,
4.6 seller rating  ( 2.3K ) · ‎ 30-day returns,,,
,,,
,,,
,,,
4.6 seller rating  ( 2.3K ) · ‎ 30-day returns,,,
,,,
"Rating: 4.7 · ‎ 2,100 reviews ‎ · ‎ Free delivery · ‎ 30-day returns · ‎ In stock",4.7,100,
4.4 seller rating  ( 13K ) · ‎ Free delivery · ‎ Free 30-day returns,,,
Rating: 5 · ‎ 26 reviews ‎ · ‎ Free 2-day delivery · ‎ 365-day returns · ‎ In stock,5,26,
,,,
,,,
,,,
,,,
,,,
,,,
,,,
4.4 seller rating  ( 541 ),,,
4.5 seller rating  ( 786 ) · ‎ Free 90-day returns,,,
4.4 seller rating  ( 2.5K ) · ‎ Free 10–24 day delivery · ‎ 30-day returns,,,
,,,
,,,
4.6 seller rating  ( 2.3K ) · ‎ 30-day returns,,,
,,,
,,,
4.7 seller rating  ( 271 ) · ‎ Free 6–9 day delivery · ‎ 30-day returns,,,
4.4 seller rating  ( 13K ) · ‎ Free delivery · ‎ Free 30-day returns,,,
"Rating: 4.8 · ‎ 3,050 reviews ‎ · ‎ Free 1–12 day delivery · ‎ Free 30-day returns",4.8,050,
Rating: 4.7 · ‎ 884 reviews ‎ · ‎ Free delivery · ‎ 30-day returns · ‎ In stock,4.7,884,
4.4 seller rating  ( 2.5K ) · ‎ Free 10–24 day delivery · ‎ 30-day returns,,,
,,,
4.5 seller rating  ( 786 ) · ‎ Free 90-day returns,,,
,,,
4.1 seller rating  ( 2K ) · ‎ Free 2-day delivery · ‎ 365-day returns,,,
4.4 seller rating  ( 541 ),,,
,,,
Rating: 5 · ‎ 6 reviews ‎ · ‎ Free 3–8 day delivery · ‎ 45-day returns · ‎ In stock,5,6,
4.6 seller rating  ( 797 ) · ‎ Free 2–6 day delivery · ‎ 30-day returns,,,
4.5 seller rating  ( 786 ) · ‎ Free 90-day returns,,,
Rating: 4.8 · ‎ 55 reviews ‎ · ‎ Free 10–13 day delivery · ‎ 30-day returns · ‎ In stock,4.8,55,
,,,
Rating: 4.8 · ‎ 899 votes,4.8,899,
,,,
,,,
,,,
,,,
,,,
,,,
Rating: 4.7 · ‎ 63 votes,4.7,63,
,,,
,,,
,,,
,,,
,,,
,,,
,,,
,,,
,,,
,,,
"Rating: 4.6 · ‎ 8,112 reviews",4.6,112,
,,,
,,,
"Rating: 4.4 · ‎ 1,440 votes",4.4,440,
,,,
Rating: 3.9 · ‎ 128 votes,3.9,128,
,,,
,,,
,,,
,,,
,,,
,,,
,,,
522 votes,,522,
,,,
,,,
,,,
,,,
,,,
Rating: 4.7 · ‎ 752 reviews,4.7,752,
,,,
,,,
Rating: 4.4 · ‎ 80 reviews,4.4,80,
,,,
,,,
,,,
,,,
"Rating: 4.6 · ‎ 8,112 reviews",4.6,112,
,,,
"Rating: 4.4 · ‎ 1,440 votes",4.4,440,
Rating: 3.9 · ‎ 128 votes,3.9,128,
,,,
,,,
Rating: 8.3/10 · ‎ 1 vote,8.3,1,
Rating: 3.9 · ‎ 127 reviews,3.9,127,
,,,
,,,
,,,
,,,
,,,
,,,
,,,
,,,
,,,
,,,
,,,
,,,
,,,
,,,
,,,
,,,
,,,
,,,
Rating: 3.9 · ‎ 128 votes,3.9,128,
,,,
Rating: 3.9 · ‎ 127 reviews,3.9,127,
Rating: 7.5/10 · ‎ Review by Brent Romans ‎,7.5,,Brent Romans 
"Rating: 4.6 · ‎ 8,112 reviews",4.6,112,
,,,
Rating: 8.3/10 · ‎ Review by Bryan Siwik,8.3,,Bryan Siwik
"Rating: 4.6 · ‎ 8,112 reviews",4.6,112,
,,,
,,,
,,,
Rating: 3.9 · ‎ 128 votes,3.9,128,
,,,
"Rating: 4.4 · ‎ 1,440 votes",4.4,440,
,,,
,,,
,,,
,,,
,,,
,,,
,,,
,,,
Rating: 4 · ‎ 6 reviews,4,6,
,,,
,,,
,,,
,,,
,,,
,,,
,,,
4.6 seller rating  ( 2.3K ) · ‎ 30-day returns,,,
,,,
4.4 seller rating  ( 2.5K ) · ‎ Free 10–24 day delivery · ‎ 30-day returns,,,
,,,
,,,
,,,
4.4 seller rating  ( 13K ) · ‎ Free delivery · ‎ Free 30-day returns,,,
,,,
,,,
Rating: 5 · ‎ 46 votes,5,46,
,,,
"Rating: 4.5 · ‎ 3,188 reviews ‎ · ‎ Free delivery · ‎ 30-day returns · ‎ In stock",4.5,188,
,,,
,,,
,,,
,,,
4.7 seller rating  ( 78 ) · ‎ $20 1–7 day delivery,,,
,,,
,,,
,,,
,,,
,,,
,,,
,,,
,,,
,,,
,,,
,,,
,,,
,,,
,,,
,,,
,,,
,,,
,,,
,,,
,,,
,,,
,,,
,,,
,,,
,,,
,,,
,,,
,,,
,,,
,,,
,,,
,,,
,,,
,,,
,,,
,,,
,,,
,,,
,,,
,,,
,,,
,,,
,,,
,,,
,,,
,,,
,,,
,,,
,,,
,,,
,,,
,,,
,,,
,,,
,,,
,,,
,,,
,,,
,,,
,,,
,,,
,,,
,,,
,,,
,,,
,,,
,,,
,,,
,,,
,,,
Rating: 9/10 · ‎ Review by Austin Irwin,9,,Austin Irwin
,,,
Rating: 8.2/10 · ‎ 1 vote,8.2,1,
Rating: 4.3 · ‎ 40 reviews,4.3,40,
,,,
"Rating: 3.6 · ‎ 14 reviews · ‎ $36,600.00",3.6,14,
,,,
,,,
,,,
Rating: 8.4/10 · ‎ Review by Cole Main,8.4,,Cole Main
,,,
"Rating: 4.6 · ‎ 1,080 reviews",4.6,080,
Rating: 4.4 · ‎ 7 reviews,4.4,7,
,,,
,,,
,,,
"Rating: 4.5 · ‎ Review by Colin Ryan · ‎ $38,395.00",4.5,,Colin Ryan 
,,,
,,,
,,,
,,,
,,,
,,,
,,,
,,,
,,,
,,,
,,,
"Rating: 7.7/10 · ‎ Review by Josh Jacquot · ‎ $43,400.00",7.7,,Josh Jacquot 
Rating: 8.5/10 · ‎ Review by Austin Irwin,8.5,,Austin Irwin
,,,
,,,
,,,
,,,
,,,
,,,
,,,
,,,
,,,
,,,
,,,
,,,
Rating: 8.5/10 · ‎ Review by Austin Irwin,8.5,,Austin Irwin
"Rating: 7.7/10 · ‎ Review by Josh Jacquot · ‎ $43,400.00",7.7,,Josh Jacquot 
,,,
Rating: 4 · ‎ 83 reviews,4,83,
,,,
,,,
,,,
"Rating: 4.6 · ‎ 4,351 reviews",4.6,351,
,,,
,,,
,,,
Rating: 8.5/10 · ‎ Review by Bryan Siwik,8.5,,Bryan Siwik
,,,
,,,
,,,
,,,
,,,
,,,
,,,
,,,
,,,
,,,
,,,
,,,
,,,
,,,
,,,
,,,
,,,
,,,
,,,
,,,
,,,
,,,
,,,
,,,
,,,
,,,
,,,
,,,
,,,
,,,
,,,
,,,
,,,
,,,
,,,
,,,
,,,
,,,
,,,
,,,
,,,
,,,
,,,
,,,
,,,
,,,
,,,
,,,
,,,
,,,
,,,
,,,
,,,
,,,
